cluster,keyword_he,search_intent,difficulty,article_title_he,landing_page_url,commercial_potential
"Tax Refunds (General)","החזר מס","Commercial","Hard","החזר מס 2026 – המדריך המלא לקבלת הכסף שמגיע לכם","/החזר-מס",10
"Tax Refunds (General)","החזרי מס","Commercial","Hard","החזרי מס – כל מה שצריך לדעת לפני שמגישים","/החזר-מס",10
"Tax Refunds (General)","בדיקת זכאות להחזר מס","Transactional","Medium","בדיקת זכאות להחזר מס – חינם ותוך 60 שניות","/בדיקת-זכאות",10
"Tax Refunds (General)","איך מקבלים החזר מס","Informational","Medium","איך מקבלים החזר מס – מדריך שלב אחר שלב","/בלוג/איך-מקבלים-החזר-מס",7
"Tax Refunds (General)","כמה כסף מקבלים בהחזר מס","Informational","Medium","כמה כסף מקבלים בהחזר מס? ממוצע ההחזר בישראל","/בלוג/כמה-כסף-בהחזר-מס",7
"Tax Refunds (General)","החזר מס ממוצע","Informational","Easy","מה גובה החזר המס הממוצע בישראל ב-2026","/בלוג/החזר-מס-ממוצע",6
"Tax Refunds (General)","מחשבון החזר מס","Transactional","Hard","מחשבון החזר מס – חשבו תוך דקה כמה מגיע לכם","/מחשבון-החזר-מס",10
"Tax Refunds (General)","החזר מס 6 שנים אחורה","Commercial","Medium","החזר מס רטרואקטיבי – עד 6 שנים אחורה","/בלוג/החזר-מס-6-שנים-אחורה",8
"Tax Refunds (General)","החזר מס רטרואקטיבי","Commercial","Medium","החזר מס רטרואקטיבי – כמה שנים אחורה אפשר להגיש","/בלוג/החזר-מס-רטרואקטיבי",8
"Tax Refunds (General)","עד מתי אפשר להגיש החזר מס","Informational","Easy","עד מתי אפשר להגיש בקשה להחזר מס","/בלוג/עד-מתי-להגיש-החזר-מס",6
"Tax Refunds (General)","החזר מס בלי רואה חשבון","Informational","Medium","החזר מס לבד מול רואה חשבון – מה עדיף","/בלוג/החזר-מס-לבד-מול-רואה-חשבון",6
"Tax Refunds (General)","כמה זמן לוקח החזר מס","Informational","Easy","כמה זמן לוקח לקבל החזר מס ממס הכנסה","/בלוג/כמה-זמן-לוקח-החזר-מס",5
"Tax Refunds (General)","החזר מס מס הכנסה","Commercial","Hard","החזר מס ממס הכנסה – המדריך המעודכן","/החזר-מס",9
"Tax Refunds (General)","למי מגיע החזר מס","Informational","Medium","למי מגיע החזר מס? 15 מצבים שמזכים בהחזר","/בלוג/למי-מגיע-החזר-מס",8
"Tax Refunds (General)","החזר מס אונליין","Transactional","Medium","החזר מס אונליין – הגשה דיגיטלית פשוטה","/החזר-מס",9
"Tax Refunds (General)","חברת החזרי מס","Commercial","Medium","איך לבחור חברת החזרי מס אמינה","/בלוג/איך-לבחור-חברת-החזרי-מס",9
"Tax Refunds (General)","החזר מס כמה עולה","Informational","Easy","כמה עולה שירות החזר מס? מודל אחוז מההחזר","/בלוג/כמה-עולה-החזר-מס",6
"Tax Refunds (General)","החזר מס ללא תשלום מראש","Commercial","Easy","החזר מס ללא תשלום מראש – משלמים רק על הצלחה","/החזר-מס",8
"Tax Refunds (General)","בדיקת החזר מס חינם","Transactional","Medium","בדיקת החזר מס חינם – בדקו זכאות עכשיו","/בדיקת-זכאות",9
"Tax Refunds (General)","איך לבדוק אם מגיע לי החזר מס","Transactional","Medium","איך לבדוק אם מגיע לי החזר מס תוך דקה","/בדיקת-זכאות",9
"Tax Refunds (General)","החזר מס איך מגישים","Informational","Medium","איך מגישים בקשה להחזר מס – צעד אחר צעד","/בלוג/איך-מגישים-החזר-מס",7
"Tax Refunds (General)","מסמכים להחזר מס","Informational","Easy","אילו מסמכים צריך כדי לקבל החזר מס","/בלוג/מסמכים-להחזר-מס",6
"Tax Refunds (General)","החזר מס מתי מקבלים את הכסף","Informational","Easy","מתי הכסף מההחזר נכנס לחשבון הבנק","/בלוג/מתי-מקבלים-החזר-מס",5
"Tax Refunds (General)","החזר מס סימולטור","Transactional","Medium","סימולטור החזר מס – הערכת החזר מיידית","/מחשבון-החזר-מס",9
"Tax Refunds (General)","טופס החזר מס","Informational","Medium","הטפסים הדרושים להחזר מס – מדריך מלא","/בלוג/טפסים-להחזר-מס",6
"Tax Return Claims","הגשת דוח שנתי","Commercial","Hard","הגשת דוח שנתי למס הכנסה – מדריך 2026","/בלוג/הגשת-דוח-שנתי",8
"Tax Return Claims","דוח שנתי למס הכנסה","Commercial","Hard","דוח שנתי למס הכנסה – מי חייב ואיך מגישים","/בלוג/דוח-שנתי-מס-הכנסה",8
"Tax Return Claims","הגשת דוח שנתי לשכיר","Commercial","Medium","הגשת דוח שנתי לשכיר – מתי כדאי","/בלוג/דוח-שנתי-לשכיר",8
"Tax Return Claims","טופס 135","Informational","Medium","טופס 135 – הדוח השנתי המקוצר לשכירים","/בלוג/טופס-135",6
"Tax Return Claims","דוח שנתי מקוון","Informational","Medium","הגשת דוח שנתי מקוון – מדריך לאזור האישי","/בלוג/דוח-שנתי-מקוון",6
"Tax Return Claims","בקשה להחזר מס","Transactional","Medium","איך מגישים בקשה להחזר מס נכון","/בלוג/בקשה-להחזר-מס",8
"Tax Return Claims","תיאום מס","Commercial","Hard","תיאום מס – למה זה חשוב וכיצד מבצעים","/בלוג/תיאום-מס",7
"Tax Return Claims","איך עושים תיאום מס","Informational","Medium","איך עושים תיאום מס אונליין צעד אחר צעד","/בלוג/איך-עושים-תיאום-מס",6
"Tax Return Claims","תיאום מס לשני מקומות עבודה","Informational","Medium","תיאום מס בשני מקומות עבודה – מדריך","/בלוג/תיאום-מס-שני-מעסיקים",6
"Tax Return Claims","החזר מס על תיאום מס","Commercial","Medium","לא עשיתם תיאום מס? כך מקבלים החזר","/בלוג/החזר-מס-תיאום-מס",7
"Tax Return Claims","הגשת בקשה להחזר מס באינטרנט","Transactional","Medium","הגשת בקשה להחזר מס באינטרנט – המדריך","/בלוג/הגשת-בקשה-החזר-מס-אינטרנט",7
"Tax Return Claims","דוח שנתי מי חייב להגיש","Informational","Easy","מי חייב להגיש דוח שנתי למס הכנסה","/בלוג/מי-חייב-דוח-שנתי",5
"Tax Return Claims","אזור אישי מס הכנסה","Informational","Medium","איך נכנסים לאזור האישי במס הכנסה","/בלוג/אזור-אישי-מס-הכנסה",4
"Tax Return Claims","פתיחת תיק במס הכנסה","Informational","Medium","פתיחת תיק במס הכנסה – מתי וכיצד","/בלוג/פתיחת-תיק-מס-הכנסה",5
"Tax Return Claims","החזר מס גרושים","Commercial","Medium","החזר מס לגרושים ומשלמי מזונות","/החזרי-מס/תשלום-מזונות",8
"Tax Return Claims","החזר מס מזונות","Commercial","Medium","החזר מס על תשלום מזונות – מי זכאי","/החזרי-מס/תשלום-מזונות",8
"Tax Return Claims","החזר מס תרומות","Commercial","Medium","החזר מס על תרומות לפי סעיף 46","/החזרי-מס/תרומות",7
"Tax Return Claims","זיכוי מס על תרומות סעיף 46","Informational","Medium","זיכוי מס על תרומות – כל מה שצריך לדעת על סעיף 46","/בלוג/זיכוי-מס-תרומות-46",6
"Tax Return Claims","החזר מס שוק ההון","Commercial","Medium","החזר מס על הפסדים בשוק ההון","/החזרי-מס/שוק-ההון",8
"Tax Return Claims","קיזוז הפסדים בשוק ההון","Informational","Hard","קיזוז הפסדי הון – איך מחזירים מס על מסחר","/בלוג/קיזוז-הפסדים-שוק-ההון",7
"Tax Return Claims","החזר מס דיבידנד","Informational","Medium","החזר מס על דיבידנד וריבית","/בלוג/החזר-מס-דיבידנד",6
"Tax Return Claims","החזר מס על מכירת מניות","Informational","Medium","החזר מס על מכירת מניות – איך זה עובד","/בלוג/החזר-מס-מכירת-מניות",6
"Tax Return Claims","בדיקת זכאות החזר מס אונליין","Transactional","Medium","בדיקת זכאות להחזר מס אונליין – חינם","/בדיקת-זכאות",9
"Tax Return Claims","טעות בדיווח למס הכנסה","Informational","Easy","טעות בדיווח למס הכנסה? כך מתקנים ומקבלים החזר","/בלוג/טעות-בדיווח-מס",5
"Tax Return Claims","החזר מס לאחר בדיקה","Commercial","Easy","מה קורה אחרי שמגישים בקשה להחזר מס","/בלוג/אחרי-הגשת-החזר-מס",6
"Tax Benefits","הטבות מס","Commercial","Hard","הטבות מס לשכירים בישראל – המדריך המלא 2026","/בלוג/הטבות-מס",8
"Tax Benefits","הטבות מס לשכירים","Commercial","Medium","הטבות מס לשכירים שאתם כנראה לא מנצלים","/בלוג/הטבות-מס-לשכירים",8
"Tax Benefits","הטבות מס ביישוב מוטב","Commercial","Medium","הטבות מס ליישובים מוטבים – מי זכאי וכמה","/החזרי-מס/ישוב-מוטב",8
"Tax Benefits","רשימת יישובים מוטבים","Informational","Medium","רשימת היישובים המזכים בהטבת מס 2026","/בלוג/רשימת-יישובים-מוטבים",6
"Tax Benefits","הטבות מס לחיילים משוחררים","Commercial","Medium","הטבות מס לחיילים משוחררים – החזר שמגיע לכם","/החזרי-מס/שחרור-מצהל",9
"Tax Benefits","הטבות מס למילואים","Commercial","Medium","הטבות והחזרי מס למשרתי מילואים","/החזרי-מס/מילואים",8
"Tax Benefits","הטבת מס סיום תואר","Commercial","Medium","הטבת מס על סיום תואר – נקודות זיכוי לבוגרים","/החזרי-מס/סיום-תואר",8
"Tax Benefits","נקודות זיכוי על תואר","Informational","Medium","נקודות זיכוי על תואר אקדמי – כמה מגיע","/בלוג/נקודות-זיכוי-תואר",6
"Tax Benefits","הטבות מס לעולים חדשים","Commercial","Medium","הטבות מס לעולים חדשים ותושבים חוזרים","/החזרי-מס/עלייה-לארץ",8
"Tax Benefits","הטבות מס נכות רפואית","Commercial","Medium","הטבות מס לבעלי נכות רפואית – פטור והחזר","/החזרי-מס/נכות-רפואית",8
"Tax Benefits","פטור ממס נכות 100 אחוז","Informational","Medium","פטור ממס הכנסה לנכות 100% – התנאים","/בלוג/פטור-מס-נכות-100",6
"Tax Benefits","הטבות מס הורה יחידני","Commercial","Medium","הטבות מס להורה יחידני – נקודות זיכוי והחזר","/החזרי-מס/הורה-יחידני",8
"Tax Benefits","הטבות מס ביטוח חיים","Commercial","Medium","הטבות מס על ביטוח חיים ומשכנתא","/בלוג/הטבות-מס-ביטוח-חיים",7
"Tax Benefits","זיכוי מס על ביטוח חיים","Informational","Medium","זיכוי מס על תשלומי ביטוח חיים – איך מממשים","/בלוג/זיכוי-מס-ביטוח-חיים",6
"Tax Benefits","הטבות מס הפקדה לפנסיה","Commercial","Hard","הטבות מס על הפקדה לפנסיה וקרן השתלמות","/בלוג/הטבות-מס-פנסיה",7
"Tax Benefits","זיכוי מס הפקדה לקופת גמל","Informational","Hard","זיכוי וניכוי מס על הפקדות לקופת גמל","/בלוג/זיכוי-מס-קופת-גמל",6
"Tax Benefits","הטבות מס תושב","Informational","Medium","הטבות מס לפי אזור מגורים – מדריך","/בלוג/הטבות-מס-תושב",5
"Tax Benefits","תקרת הטבות מס","Informational","Hard","תקרות הטבות המס – כמה אפשר לחסוך בפועל","/בלוג/תקרות-הטבות-מס",5
"Tax Benefits","הטבות מס לבני זוג","Informational","Medium","הטבות מס לבני זוג ומשפחות","/בלוג/הטבות-מס-בני-זוג",6
"Tax Benefits","הטבות מס לעצמאים","Informational","Hard","הטבות מס לעצמאים – מה אפשר לנכות","/בלוג/הטבות-מס-עצמאים",6
"Tax Benefits","החזר מס על דמי אבטלה","Commercial","Medium","החזר מס על דמי אבטלה – מי זכאי","/החזרי-מס/דמי-אבטלה",8
"Tax Benefits","הטבות מס למשפחות עם ילדים","Commercial","Medium","הטבות מס למשפחות עם ילדים – נקודות זיכוי","/בלוג/הטבות-מס-ילדים",7
"Tax Benefits","הטבות מס לאחר גירושין","Informational","Medium","הטבות מס לאחר גירושין – מה משתנה","/בלוג/הטבות-מס-גירושין",6
"Tax Benefits","הטבות מס שלא ניצלתם","Commercial","Medium","5 הטבות מס שרוב השכירים מפספסים","/בלוג/הטבות-מס-שמפספסים",7
"Tax Benefits","איך לחסוך במס","Informational","Medium","איך לחסוך במס הכנסה באופן חוקי","/בלוג/איך-לחסוך-במס",6
"Form 106","טופס 106","Informational","Hard","טופס 106 – מה זה ואיך קוראים אותו נכון","/טופס-106",7
"Form 106","מה זה טופס 106","Informational","Medium","מה זה טופס 106 והאם הוא חשוב להחזר מס","/טופס-106",6
"Form 106","איך קוראים טופס 106","Informational","Medium","איך קוראים טופס 106 – הסבר שדה אחר שדה","/בלוג/איך-קוראים-טופס-106",6
"Form 106","טופס 106 איפה מקבלים","Informational","Easy","איפה מקבלים את טופס 106 מהמעסיק","/בלוג/איפה-מקבלים-טופס-106",5
"Form 106","טופס 106 לדוגמה","Informational","Easy","טופס 106 לדוגמה – הסבר ויזואלי מלא","/בלוג/טופס-106-לדוגמה",5
"Form 106","טופס 106 מספר","Informational","Medium","מה המשמעות של כל שדה בטופס 106","/בלוג/שדות-טופס-106",5
"Form 106","טופס 106 שני מעסיקים","Informational","Medium","טופס 106 משני מעסיקים – למה מגיע לכם החזר","/בלוג/טופס-106-שני-מעסיקים",7
"Form 106","הפרש בין 106 ל-161","Informational","Medium","ההבדל בין טופס 106 לטופס 161","/בלוג/106-מול-161",5
"Form 106","טופס 106 מה זה ניכויים","Informational","Easy","ניכויים בטופס 106 – מה כולל החלק הזה","/בלוג/ניכויים-טופס-106",4
"Form 106","טופס 106 דיגיטלי","Informational","Easy","איך מקבלים טופס 106 דיגיטלי אונליין","/בלוג/טופס-106-דיגיטלי",4
"Form 106","טופס 106 איך מורידים","Informational","Easy","איך מורידים טופס 106 מהמעסיק או מהאיזור האישי","/בלוג/איך-מורידים-טופס-106",4
"Form 106","טופס 106 החזר מס","Commercial","Medium","איך טופס 106 עוזר לכם לקבל החזר מס","/בלוג/טופס-106-החזר-מס",8
"Form 106","טופס 106 שכר ברוטו","Informational","Easy","איך לקרוא שכר ברוטו ונטו בטופס 106","/בלוג/ברוטו-נטו-טופס-106",4
"Form 106","טופס 106 לא קיבלתי","Informational","Easy","לא קיבלתם טופס 106? כך משיגים אותו","/בלוג/לא-קיבלתי-טופס-106",5
"Form 106","טופס 106 קוד 042","Informational","Medium","קודים נפוצים בטופס 106 והמשמעות שלהם","/בלוג/קודים-טופס-106",4
"Form 106","טופס 106 מילואים","Informational","Medium","היכן רואים תשלומי מילואים בטופס 106","/בלוג/מילואים-טופס-106",6
"Form 106","טופס 106 קרן השתלמות","Informational","Medium","קרן השתלמות בטופס 106 – מה חשוב לבדוק","/בלוג/קרן-השתלמות-טופס-106",5
"Form 106","טופס 106 פנסיה","Informational","Medium","הפקדות פנסיה בטופס 106 והטבת המס","/בלוג/פנסיה-טופס-106",5
"Form 106","טופס 106 כמה שנים אחורה","Informational","Easy","כמה טפסי 106 צריך להחזר מס 6 שנים","/בלוג/106-כמה-שנים-אחורה",6
"Form 106","טופס 106 מעסיק לא נותן","Informational","Easy","המעסיק לא מנפיק טופס 106 – מה עושים","/בלוג/מעסיק-לא-נותן-106",5
"Form 106","טופס 106 עזיבת עבודה","Informational","Medium","טופס 106 לאחר עזיבת עבודה – מה לבדוק","/בלוג/106-עזיבת-עבודה",6
"Form 106","טופס 106 ותיאום מס","Informational","Medium","הקשר בין טופס 106 לתיאום מס","/בלוג/106-ותיאום-מס",5
"Form 106","איך משתמשים בטופס 106 להחזר מס","Commercial","Medium","איך להשתמש בטופס 106 כדי לתבוע החזר מס","/בלוג/שימוש-בטופס-106",7
"Form 106","טופס 106 הסבר פשוט","Informational","Easy","טופס 106 בהסבר פשוט – לכל שכיר","/טופס-106",5
"Form 106","טופס 106 2025","Informational","Medium","טופס 106 לשנת 2025 – מה חדש","/בלוג/טופס-106-2025",5
"Tax Credits","נקודות זיכוי","Informational","Hard","נקודות זיכוי במס הכנסה – המדריך המלא","/בלוג/נקודות-זיכוי",7
"Tax Credits","מה זה נקודת זיכוי","Informational","Medium","מה זה נקודת זיכוי וכמה היא שווה ב-2026","/בלוג/מה-זה-נקודת-זיכוי",6
"Tax Credits","כמה שווה נקודת זיכוי","Informational","Medium","כמה שווה נקודת זיכוי בשקלים השנה","/בלוג/כמה-שווה-נקודת-זיכוי",6
"Tax Credits","נקודות זיכוי לאישה","Informational","Medium","נקודות זיכוי לנשים – מה מגיע לכן","/בלוג/נקודות-זיכוי-אישה",6
"Tax Credits","נקודות זיכוי ילדים","Commercial","Medium","נקודות זיכוי על ילדים – טבלה מלאה לפי גיל","/בלוג/נקודות-זיכוי-ילדים",7
"Tax Credits","נקודות זיכוי חייל משוחרר","Commercial","Medium","נקודות זיכוי לחייל משוחרר – למשך כמה זמן","/החזרי-מס/שחרור-מצהל",8
"Tax Credits","נקודות זיכוי סיום תואר","Commercial","Medium","נקודות זיכוי על תואר ראשון ושני","/החזרי-מס/סיום-תואר",8
"Tax Credits","נקודות זיכוי עולה חדש","Commercial","Medium","נקודות זיכוי לעולה חדש – כמה ולכמה זמן","/החזרי-מס/עלייה-לארץ",8
"Tax Credits","נקודות זיכוי הורה יחידני","Commercial","Medium","נקודות זיכוי להורה יחידני – המדריך המלא","/החזרי-מס/הורה-יחידני",8
"Tax Credits","נקודות זיכוי גרוש","Informational","Medium","נקודות זיכוי לגרושים ומשלמי מזונות","/בלוג/נקודות-זיכוי-גרוש",6
"Tax Credits","נקודות זיכוי תושב","Informational","Medium","נקודות זיכוי ליישוב מוטב לפי מקום מגורים","/בלוג/נקודות-זיכוי-תושב",6
"Tax Credits","נקודות זיכוי נכות","Informational","Medium","נקודות זיכוי וזיכוי מס לבעלי נכות","/בלוג/נקודות-זיכוי-נכות",6
"Tax Credits","נקודות זיכוי בן זוג לא עובד","Informational","Medium","נקודת זיכוי לבן/בת זוג ללא הכנסה","/בלוג/נקודת-זיכוי-בן-זוג",6
"Tax Credits","נקודות זיכוי ילד נטול יכולת","Commercial","Medium","זיכוי מס על ילד נטול יכולת – מה מגיע","/בלוג/זיכוי-ילד-נטול-יכולת",7
"Tax Credits","טבלת נקודות זיכוי","Informational","Easy","טבלת נקודות זיכוי מלאה לשנת 2026","/בלוג/טבלת-נקודות-זיכוי",5
"Tax Credits","חישוב נקודות זיכוי","Transactional","Medium","חישוב נקודות זיכוי – מחשבון אישי","/מחשבון-החזר-מס",8
"Tax Credits","נקודות זיכוי לימודים","Commercial","Medium","נקודות זיכוי על לימודים ותעודה מקצועית","/בלוג/נקודות-זיכוי-לימודים",6
"Tax Credits","נקודות זיכוי מזונות","Informational","Medium","זיכוי מס למשלמי מזונות – איך מממשים","/בלוג/נקודות-זיכוי-מזונות",6
"Tax Credits","נקודות זיכוי 2026","Informational","Medium","עדכון נקודות זיכוי וערכן ב-2026","/בלוג/נקודות-זיכוי-2026",5
"Tax Credits","זיכוי מס מה זה","Informational","Medium","ההבדל בין זיכוי מס לניכוי מס","/בלוג/זיכוי-מול-ניכוי",5
"Tax Credits","נקודות זיכוי על משכנתא","Informational","Medium","הטבות וזיכוי מס בגין משכנתא וביטוח","/בלוג/זיכוי-מס-משכנתא",6
"Tax Credits","נקודות זיכוי שכיר","Commercial","Medium","כל נקודות הזיכוי שמגיעות לשכיר","/בלוג/נקודות-זיכוי-שכיר",7
"Tax Credits","ניצול נקודות זיכוי להחזר מס","Commercial","Medium","איך נקודות זיכוי לא מנוצלות הופכות להחזר מס","/בלוג/ניצול-נקודות-זיכוי-החזר",8
"Tax Credits","נקודות זיכוי תרומה","Informational","Easy","זיכוי מס על תרומות מול נקודות זיכוי","/בלוג/זיכוי-תרומה",5
"Tax Credits","נקודות זיכוי הנחה מס","Informational","Easy","כך נקודות זיכוי מקטינות את המס שאתם משלמים","/בלוג/נקודות-זיכוי-הנחה",5
"Maternity Tax Refunds","החזר מס דמי לידה","Commercial","Medium","החזר מס על דמי לידה – כמה מגיע לאמהות","/החזרי-מס/דמי-לידה",9
"Maternity Tax Refunds","החזר מס אחרי לידה","Commercial","Medium","החזר מס לאחר לידה – המדריך לאמהות טריות","/החזרי-מס/דמי-לידה",9
"Maternity Tax Refunds","החזר מס חופשת לידה","Commercial","Medium","החזר מס בגין חופשת לידה – איך תובעים","/החזרי-מס/דמי-לידה",9
"Maternity Tax Refunds","דמי לידה מיסוי","Informational","Medium","איך דמי לידה ממוסים ולמה מגיע החזר","/בלוג/מיסוי-דמי-לידה",7
"Maternity Tax Refunds","החזר מס אמהות","Commercial","Medium","החזר מס לאמהות – ההטבות שמגיעות לכן","/החזרי-מס/דמי-לידה",9
"Maternity Tax Refunds","נקודות זיכוי אמא","Commercial","Medium","נקודות זיכוי לאם – לפי גיל הילדים","/בלוג/נקודות-זיכוי-אמא",8
"Maternity Tax Refunds","נקודות זיכוי לידה","Commercial","Medium","נקודות זיכוי בשנת הלידה – מה מגיע","/בלוג/נקודות-זיכוי-לידה",8
"Maternity Tax Refunds","החזר מס יציאה לחופשת לידה","Informational","Medium","יצאתם לחופשת לידה באמצע שנה? מגיע החזר","/בלוג/החזר-מס-חופשת-לידה-אמצע-שנה",8
"Maternity Tax Refunds","החזר מס לידה שנה לא מלאה","Informational","Medium","עבודה בשנה חלקית בגלל לידה והחזר המס","/בלוג/לידה-שנה-חלקית",7
"Maternity Tax Refunds","החזר מס אם חד הורית","Commercial","Medium","החזר מס לאם חד הורית – הטבות מורחבות","/בלוג/החזר-מס-אם-חד-הורית",8
"Maternity Tax Refunds","דמי לידה מביטוח לאומי מיסוי","Informational","Medium","מיסוי דמי לידה מביטוח לאומי – הסבר","/בלוג/מיסוי-דמי-לידה-ביטוח-לאומי",6
"Maternity Tax Refunds","החזר מס שתי לידות","Informational","Medium","החזר מס לאחר שתי לידות בשנים סמוכות","/בלוג/החזר-מס-שתי-לידות",7
"Maternity Tax Refunds","נקודות זיכוי תינוק","Informational","Easy","נקודות זיכוי בשנת הלידה של התינוק","/בלוג/נקודות-זיכוי-תינוק",6
"Maternity Tax Refunds","החזר מס הורים טריים","Commercial","Medium","החזר מס להורים טריים – מה שכדאי לדעת","/בלוג/החזר-מס-הורים-טריים",8
"Maternity Tax Refunds","החזר מס במהלך הריון","Informational","Easy","שמירת הריון והחזר מס – מה הקשר","/בלוג/החזר-מס-שמירת-הריון",6
"Maternity Tax Refunds","דמי לידה החזר מס בדיעבד","Commercial","Medium","החזר מס על דמי לידה עד 6 שנים אחורה","/בלוג/דמי-לידה-החזר-בדיעבד",8
"Maternity Tax Refunds","נקודות זיכוי לאחר לידה כמה","Informational","Easy","כמה נקודות זיכוי מקבלים לאחר לידה","/בלוג/כמה-נקודות-זיכוי-לידה",6
"Maternity Tax Refunds","החזר מס אמא לילד אחד","Informational","Easy","נקודות זיכוי לאם לילד אחד – פירוט","/בלוג/נקודות-זיכוי-ילד-אחד",6
"Maternity Tax Refunds","החזר מס אמהות עובדות","Commercial","Medium","הטבות מס לאמהות עובדות – המדריך המלא","/בלוג/הטבות-מס-אמהות-עובדות",8
"Maternity Tax Refunds","החזר מס שמירת הריון","Informational","Medium","החזר מס בתקופת שמירת הריון","/בלוג/החזר-מס-תקופת-הריון",7
"Maternity Tax Refunds","בדיקת החזר מס לאמהות","Transactional","Medium","בדיקת זכאות להחזר מס לאמהות – חינם","/בדיקת-זכאות",9
"Maternity Tax Refunds","החזר מס לידה ותיאום מס","Informational","Medium","חופשת לידה ותיאום מס – נקודה שמזכה בהחזר","/בלוג/לידה-ותיאום-מס",7
"Maternity Tax Refunds","החזר מס דמי לידה כמה מקבלים","Informational","Medium","כמה כסף מקבלים בהחזר מס על דמי לידה","/בלוג/דמי-לידה-כמה-החזר",7
"Maternity Tax Refunds","החזר מס משפחות צעירות","Commercial","Medium","החזר מס למשפחות צעירות לאחר לידה","/בלוג/החזר-מס-משפחות-צעירות",7
"Maternity Tax Refunds","החזר מס אמהות 2026","Commercial","Easy","החזר מס לאמהות 2026 – מה השתנה","/בלוג/החזר-מס-אמהות-2026",7
"Tax Refunds for Employees","החזר מס לשכירים","Commercial","Hard","החזר מס לשכירים – כך מקבלים את הכסף שמגיע לכם","/החזר-מס-לשכירים",10
"Tax Refunds for Employees","החזר מס שכיר","Commercial","Hard","מדריך החזר מס לשכיר – שלב אחר שלב","/החזר-מס-לשכירים",10
"Tax Refunds for Employees","בדיקת זכאות החזר מס לשכירים","Transactional","Medium","בדיקת זכאות להחזר מס לשכירים – חינם ומהיר","/בדיקת-זכאות",10
"Tax Refunds for Employees","החזר מס החלפת מקום עבודה","Commercial","Medium","החלפתם מקום עבודה? כך מגיע לכם החזר מס","/החזרי-מס/החלפת-עבודה",9
"Tax Refunds for Employees","החזר מס עזיבת עבודה","Commercial","Medium","החזר מס לאחר עזיבת עבודה ופיטורים","/בלוג/החזר-מס-עזיבת-עבודה",8
"Tax Refunds for Employees","החזר מס לא עבדתי כל השנה","Commercial","Medium","לא עבדתם חלק מהשנה? מגיע לכם החזר מס","/בלוג/החזר-מס-שנה-חלקית",8
"Tax Refunds for Employees","החזר מס בין עבודות","Informational","Medium","החזר מס בתקופת מעבר בין עבודות","/בלוג/החזר-מס-בין-עבודות",7
"Tax Refunds for Employees","החזר מס שני מקומות עבודה","Commercial","Medium","עבדתם בשני מקומות? כך תובעים החזר מס","/בלוג/החזר-מס-שני-מעסיקים",8
"Tax Refunds for Employees","החזר מס פיטורים","Commercial","Medium","החזר מס לאחר פיטורים – מה מגיע לכם","/בלוג/החזר-מס-פיטורים",8
"Tax Refunds for Employees","החזר מס דמי אבטלה","Commercial","Medium","החזר מס על תקופת אבטלה – מי זכאי","/החזרי-מס/דמי-אבטלה",8
"Tax Refunds for Employees","החזר מס שכיר עם תלוש","Informational","Medium","איך תלוש המשכורת מעיד על זכאות להחזר מס","/בלוג/תלוש-משכורת-החזר-מס",6
"Tax Refunds for Employees","החזר מס לעובד שעתי","Informational","Medium","החזר מס לעובדים שעתיים וזמניים","/בלוג/החזר-מס-עובד-שעתי",6
"Tax Refunds for Employees","החזר מס סטודנט עובד","Commercial","Medium","החזר מס לסטודנטים עובדים – מה מגיע","/בלוג/החזר-מס-סטודנט",7
"Tax Refunds for Employees","החזר מס משרה חלקית","Informational","Medium","החזר מס לעובדים במשרה חלקית","/בלוג/החזר-מס-משרה-חלקית",6
"Tax Refunds for Employees","החזר מס שכיר ועצמאי","Informational","Hard","החזר מס למי שגם שכיר וגם עצמאי","/בלוג/החזר-מס-שכיר-ועצמאי",6
"Tax Refunds for Employees","החזר מס שכיר בכיר","Informational","Medium","החזר מס לשכירים בעלי שכר גבוה","/בלוג/החזר-מס-שכר-גבוה",6
"Tax Refunds for Employees","החזר מס בונוס","Informational","Medium","מס על בונוס ומענקים – מתי מגיע החזר","/בלוג/החזר-מס-בונוס",6
"Tax Refunds for Employees","החזר מס מילואים שכיר","Commercial","Medium","החזר מס למשרתי מילואים שכירים","/החזרי-מס/מילואים",8
"Tax Refunds for Employees","החזר מס חייל משוחרר שכיר","Commercial","Medium","החזר מס לחייל משוחרר שהתחיל לעבוד","/החזרי-מס/שחרור-מצהל",8
"Tax Refunds for Employees","החזר מס שכיר מתחיל","Informational","Easy","התחלתם לעבוד השנה? ייתכן שמגיע החזר מס","/בלוג/החזר-מס-שכיר-מתחיל",6
"Tax Refunds for Employees","כמה מגיע לשכיר החזר מס","Informational","Medium","כמה מגיע לשכיר ממוצע בהחזר מס","/בלוג/כמה-מגיע-לשכיר",7
"Tax Refunds for Employees","החזר מס שכיר 6 שנים","Commercial","Medium","החזר מס לשכיר עד 6 שנים אחורה","/בלוג/החזר-מס-שכיר-6-שנים",8
"Tax Refunds for Employees","החזר מס שכיר אונליין","Transactional","Medium","החזר מס לשכיר אונליין – הגשה דיגיטלית","/החזר-מס-לשכירים",9
"Tax Refunds for Employees","החזר מס שכיר ללא עלות","Commercial","Easy","בדיקת החזר מס לשכיר ללא עלות וללא התחייבות","/בדיקת-זכאות",8
"Tax Refunds for Employees","החזר מס שכירים 2026","Commercial","Medium","החזר מס לשכירים 2026 – מה חדש השנה","/בלוג/החזר-מס-שכירים-2026",8
"Retirement Tax Refunds","החזר מס פנסיה","Commercial","Medium","החזר מס לפנסיונרים – הכסף שמגיע לכם","/החזרי-מס/פנסיה",9
"Retirement Tax Refunds","החזר מס פנסיונרים","Commercial","Medium","החזר מס לגמלאים ופנסיונרים – מדריך מלא","/החזרי-מס/פנסיה",9
"Retirement Tax Refunds","החזר מס פרישה","Commercial","Medium","החזר מס בעת פרישה מהעבודה","/בלוג/החזר-מס-פרישה",8
"Retirement Tax Refunds","החזר מס משיכת פיצויים","Commercial","Medium","החזר מס על משיכת פיצויים – איך תובעים","/בלוג/החזר-מס-משיכת-פיצויים",8
"Retirement Tax Refunds","החזר מס משיכת קרן פנסיה","Commercial","Medium","החזר מס על משיכת קרן פנסיה","/בלוג/החזר-מס-משיכת-פנסיה",8
"Retirement Tax Refunds","מס על קצבת פנסיה","Informational","Medium","איך ממוסה קצבת פנסיה ומתי מגיע החזר","/בלוג/מס-על-קצבת-פנסיה",7
"Retirement Tax Refunds","פטור ממס לפנסיה","Informational","Hard","פטור ממס על קצבת פנסיה – נוסחת הקיזוז","/בלוג/פטור-מס-פנסיה",7
"Retirement Tax Refunds","קיבוע זכויות","Commercial","Hard","קיבוע זכויות בפרישה – למה זה קריטי להחזר","/בלוג/קיבוע-זכויות",8
"Retirement Tax Refunds","טופס 161","Informational","Medium","טופס 161 בפרישה – הסבר מלא","/בלוג/טופס-161",6
"Retirement Tax Refunds","החזר מס היוון קצבה","Informational","Medium","מיסוי היוון קצבת פנסיה והחזר מס","/בלוג/היוון-קצבה",6
"Retirement Tax Refunds","מס על מענק פרישה","Informational","Medium","מיסוי מענק פרישה ופיצויי פיטורים","/בלוג/מס-מענק-פרישה",6
"Retirement Tax Refunds","החזר מס קצבת זקנה","Informational","Medium","מס והחזר מס על קצבת זקנה מביטוח לאומי","/בלוג/מס-קצבת-זקנה",6
"Retirement Tax Refunds","החזר מס גיל פרישה","Informational","Medium","הטבות מס בגיל פרישה – מה מגיע","/בלוג/הטבות-מס-גיל-פרישה",7
"Retirement Tax Refunds","החזר מס פנסיה מוקדמת","Informational","Medium","מיסוי פנסיה מוקדמת והחזר מס","/בלוג/פנסיה-מוקדמת-מס",6
"Retirement Tax Refunds","החזר מס קרן השתלמות","Commercial","Medium","החזר מס על משיכת קרן השתלמות","/בלוג/החזר-מס-קרן-השתלמות",7
"Retirement Tax Refunds","החזר מס קופת גמל","Commercial","Medium","החזר מס על משיכת קופת גמל","/בלוג/החזר-מס-קופת-גמל",7
"Retirement Tax Refunds","מס על פיצויי פיטורים","Informational","Medium","מיסוי פיצויי פיטורים – מתי מגיע החזר","/בלוג/מס-פיצויי-פיטורים",7
"Retirement Tax Refunds","החזר מס פורש צה""ל","Commercial","Medium","החזר מס לפורשי צבא קבע","/בלוג/החזר-מס-פורש-צבא",7
"Retirement Tax Refunds","החזר מס אלמן אלמנה","Commercial","Medium","החזר מס לאלמן/ה ומקבלי קצבת שאירים","/בלוג/החזר-מס-אלמנה",7
"Retirement Tax Refunds","מס על קצבת שאירים","Informational","Medium","מיסוי קצבת שאירים – מה כדאי לבדוק","/בלוג/מס-קצבת-שאירים",6
"Retirement Tax Refunds","החזר מס פנסיונר עובד","Informational","Medium","החזר מס לפנסיונר שממשיך לעבוד","/בלוג/החזר-מס-פנסיונר-עובד",7
"Retirement Tax Refunds","החזר מס פרישה מוקדמת","Informational","Medium","החזר מס בפרישה מוקדמת מהעבודה","/בלוג/החזר-מס-פרישה-מוקדמת",6
"Retirement Tax Refunds","בדיקת החזר מס לפנסיונרים","Transactional","Medium","בדיקת זכאות להחזר מס לפנסיונרים – חינם","/בדיקת-זכאות",9
"Retirement Tax Refunds","החזר מס פנסיה 6 שנים","Commercial","Medium","החזר מס לפנסיונרים עד 6 שנים אחורה","/בלוג/החזר-מס-פנסיה-6-שנים",8
"Retirement Tax Refunds","ייעוץ מס פרישה","Commercial","Hard","ייעוץ מס לפרישה – למה לא לפרוש בלי בדיקה","/בלוג/ייעוץ-מס-פרישה",8
